日期,code,name,收盘,score,sim_ret
2023-06-15,600887,伊利股份,26.4,7,-0.018181818181818063
2023-06-16,600887,伊利股份,26.47,7,-0.021533811862485843
2023-07-28,600887,伊利股份,25.58,7,-0.008991399530883381
2023-11-06,600887,伊利股份,24.65,7,0.0032454361054767484
2023-11-07,600887,伊利股份,24.7,7,-0.0032388663967610645
2024-02-08,600887,伊利股份,25.28,7,0.02650316455696195
2024-02-19,600887,伊利股份,25.43,7,0.02870625245772711
2024-03-20,600887,伊利股份,26.1,7,-0.023754789272030688
2024-04-29,600887,伊利股份,25.39,7,0.002363135092556074
2024-04-30,600887,伊利股份,25.71,8,-0.014780241151303095
2024-05-21,600887,伊利股份,26.26,8,-0.010662604722010706
2024-05-22,600887,伊利股份,26.33,7,-0.007975693125712013
2024-05-23,600887,伊利股份,26.39,8,-0.01970443349753693
2024-09-25,600887,伊利股份,21.83,7,0.2
2024-09-26,600887,伊利股份,23.82,7,0.2
2024-09-27,600887,伊利股份,25.9,7,-0.041312741312741326
2024-09-30,600887,伊利股份,27.37,7,-0.05297771282426011
2024-10-08,600887,伊利股份,27.26,7,-0.059060895084372816
2024-11-05,600887,伊利股份,27.37,7,0.03872853489221771
2024-11-07,600887,伊利股份,28.5,7,-0.014035087719298196
2024-12-12,600887,伊利股份,28.53,8,-0.02173151069050126
2024-12-25,600887,伊利股份,28.23,7,0.005313496280552553
2024-12-26,600887,伊利股份,28.27,8,0.007428369296073606
2024-12-27,600887,伊利股份,28.45,8,-0.02073813708260105
2024-12-30,600887,伊利股份,28.38,7,-0.027484143763213446
2025-02-19,600887,伊利股份,26.4,7,-0.021969696969696906
2025-03-14,600887,伊利股份,28.05,7,-0.039572192513368964
2025-05-13,600887,伊利股份,28.05,7,0.008556149732620266
2025-05-14,600887,伊利股份,28.25,7,-0.0003539823008850111
2025-05-15,600887,伊利股份,28.37,7,0.018681706027493746
2025-05-20,600887,伊利股份,28.9,8,0.0
2025-05-26,600887,伊利股份,29.08,7,-0.012723521320495099
2025-07-17,600887,伊利股份,27.62,7,0.00977552498189716
2025-07-22,600887,伊利股份,27.89,7,-0.01936177841520255
2025-07-23,600887,伊利股份,27.81,7,-0.020136641495864752
2025-08-29,600887,伊利股份,28.09,8,-0.02349590601637594
2025-09-08,600887,伊利股份,27.73,7,0.018391633609808798
2025-09-09,600887,伊利股份,28.08,8,-0.011039886039885994
2025-09-10,600887,伊利股份,27.95,7,-0.007155635062611782
2025-09-11,600887,伊利股份,28.24,8,-0.022662889518413495
2025-11-10,600887,伊利股份,27.79,7,0.011155091759625847
2025-11-11,600887,伊利股份,27.87,7,0.0
2025-11-12,600887,伊利股份,28.0,7,0.003214285714285709
2023-06-15,601888,中国国旅,126.25,8,-0.029465346534653457
2023-06-16,601888,中国国旅,126.41,7,-0.06336524009176482
2023-07-27,601888,中国国旅,118.04,7,0.02245001694340894
2023-07-28,601888,中国国旅,123.02,7,-0.0246301414404162
2023-07-31,601888,中国国旅,122.82,7,-0.013352874124735275
2023-11-08,601888,中国国旅,93.35,7,-0.012640599892876194
2024-02-22,601888,中国国旅,84.56,8,-0.015610217596972651
2024-02-23,601888,中国国旅,84.63,8,-0.02776793099373738
2024-02-29,601888,中国国旅,84.15,7,-0.024955436720142703
2024-05-17,601888,中国国旅,73.54,7,0.020669023660592818
2024-05-20,601888,中国国旅,75.27,7,-0.03201806828749829
2024-05-21,601888,中国国旅,74.46,7,-0.05036261079774376
2024-05-22,601888,中国国旅,75.06,7,-0.06128430588862255
2024-07-16,601888,中国国旅,66.17,7,0.03566570953604351
2024-07-17,601888,中国国旅,69.21,7,-0.026441265713047224
2024-09-25,601888,中国国旅,56.71,8,0.2
2024-09-26,601888,中国国旅,62.51,7,0.2
2024-09-27,601888,中国国旅,68.88,7,0.2
2024-09-30,601888,中国国旅,75.9,7,-0.0349143610013176
2024-10-08,601888,中国国旅,83.59,7,-0.1
2024-10-09,601888,中国国旅,75.1,7,-0.1
2024-11-06,601888,中国国旅,71.35,7,0.024947442186405062
2024-11-07,601888,中国国旅,75.62,7,-0.0359693202856387
2024-11-08,601888,中国国旅,74.5,8,-0.022013422818791956
2024-12-11,601888,中国国旅,70.55,8,-0.0007087172218284501
2024-12-12,601888,中国国旅,72.51,9,-0.03916701144669705
2025-02-07,601888,中国国旅,60.34,7,-0.002651640702684847
2025-02-13,601888,中国国旅,60.69,8,-0.027681660899653977
2025-02-14,601888,中国国旅,60.79,7,-0.02023359105115968
2025-02-27,601888,中国国旅,61.37,8,-0.025093693987290194
2025-03-11,601888,中国国旅,60.9,7,0.03087027914614126
2025-03-14,601888,中国国旅,62.78,8,-0.011787193373685919
2025-03-17,601888,中国国旅,62.82,7,-0.02228589621139762
2025-06-25,601888,中国国旅,61.05,7,-0.005405405405405378
2025-06-30,601888,中国国旅,60.72,7,-0.003952569169960507
2025-07-04,601888,中国国旅,60.78,7,0.002467917077986156
2025-07-10,601888,中国国旅,61.61,7,-0.01266028242168481
2025-07-11,601888,中国国旅,62.0,7,-0.017741935483870992
2025-07-17,601888,中国国旅,61.4,8,0.06156351791530958
2025-07-18,601888,中国国旅,62.52,8,0.026071657069737724
2025-07-21,601888,中国国旅,63.53,7,0.11112860066110503
2025-07-22,601888,中国国旅,65.18,8,0.04019637925744078
2025-07-23,601888,中国国旅,64.15,9,0.030709275136399043
2025-07-24,601888,中国国旅,70.59,8,-0.06530670066581667
2025-07-25,601888,中国国旅,67.8,9,-0.02610619469026543
2025-08-25,601888,中国国旅,68.99,7,-0.004638353384548387
2025-08-26,601888,中国国旅,71.16,8,-0.029792017987633368
2025-09-09,601888,中国国旅,70.77,7,-0.008760774339409218
2025-09-10,601888,中国国旅,70.43,7,-0.010506886270055502
2025-09-11,601888,中国国旅,71.1,8,0.0026722925457104353
2025-09-16,601888,中国国旅,71.29,7,0.0340861270865478
2025-09-19,601888,中国国旅,73.72,8,-0.05032555615843724
2025-09-22,601888,中国国旅,72.79,7,-0.03970325594175025
2025-10-29,601888,中国国旅,71.12,9,0.07452193475815519
2025-10-30,601888,中国国旅,72.85,9,0.03225806451612915
2025-10-31,601888,中国国旅,75.82,8,0.020179372197309434
2025-11-03,601888,中国国旅,76.42,7,-0.017403820989269802
2025-11-07,601888,中国国旅,78.74,9,0.12979425958851917
2025-11-10,601888,中国国旅,86.64,8,0.0418975069252077
2025-11-11,601888,中国国旅,90.28,8,-0.024922463447053612
2025-11-12,601888,中国国旅,88.96,8,-0.015849820143884856
2025-11-13,601888,中国国旅,90.27,7,-0.06070676858313936
2025-12-22,601888,中国国旅,91.09,10,-0.06455154243056328
2025-12-23,601888,中国国旅,88.91,9,0.03812844449443258
2025-12-24,601888,中国国旅,87.86,8,0.04120191213293882
2025-12-26,601888,中国国旅,92.3,9,0.024485373781148484
2025-12-29,601888,中国国旅,91.48,7,-0.013008307826847374
2025-12-31,601888,中国国旅,94.56,7,-0.012161590524534747
2026-01-07,601888,中国国旅,93.41,7,0.021303928915533767
2026-01-08,601888,中国国旅,92.95,7,-0.011188811188811256
2026-01-09,601888,中国国旅,95.78,7,-0.05982459803716855
2023-04-13,600760,中航沈飞,38.05,7,0.029434954007884484
2023-04-18,600760,中航沈飞,39.17,7,0.0010211896859841497
2023-06-20,600760,中航沈飞,41.42,8,-0.00024142926122658416
2023-09-06,600760,中航沈飞,44.56,9,-0.03321364452423707
2023-11-13,600760,中航沈飞,42.52,7,-0.014111006585136438
2024-02-23,600760,中航沈飞,37.45,7,-0.018424566088117617
2024-04-19,600760,中航沈飞,35.63,7,0.04658995228739816
2024-07-16,600760,中航沈飞,39.99,8,0.05801450362590648
2024-07-17,600760,中航沈飞,40.21,7,0.04774931609052479
2024-07-18,600760,中航沈飞,41.46,8,-0.0031355523396044997
2024-07-19,600760,中航沈飞,42.31,7,-0.021271567005436202
2024-07-22,600760,中航沈飞,42.13,8,-0.023973415618324355
2024-09-26,600760,中航沈飞,40.3,7,0.2
2024-09-27,600760,中航沈飞,41.92,7,0.2
2024-10-08,600760,中航沈飞,50.84,8,-0.1
2024-10-09,600760,中航沈飞,47.0,9,0.0012765957446808994
2024-10-10,600760,中航沈飞,47.57,8,-0.034895942821105815
2024-10-14,600760,中航沈飞,47.06,7,-0.04143646408839785
2024-10-22,600760,中航沈飞,47.71,7,-0.022846363445818557
2024-10-23,600760,中航沈飞,48.17,8,-0.014947062487025094
2024-11-06,600760,中航沈飞,58.46,8,-0.1
2024-11-07,600760,中航沈飞,54.98,9,-0.005638413968715809
2024-11-08,600760,中航沈飞,60.53,9,-0.1
2024-11-11,600760,中航沈飞,59.34,9,-0.1
2024-12-18,600760,中航沈飞,49.46,8,-0.030529720986655844
2024-12-19,600760,中航沈飞,49.1,7,-0.021588594704684362
2024-12-26,600760,中航沈飞,49.06,7,0.022829188748471205
2024-12-27,600760,中航沈飞,49.92,7,-0.04286858974358975
2025-02-10,600760,中航沈飞,47.78,7,-0.02009208874005862
2025-03-11,600760,中航沈飞,45.91,7,-0.024831191461555078
2025-05-07,600760,中航沈飞,45.61,8,0.08901556676167512
2025-05-08,600760,中航沈飞,48.26,7,-0.01761292996270206
2025-05-09,600760,中航沈飞,45.78,8,0.026212319790301346
2025-05-12,600760,中航沈飞,49.67,8,-0.06341856251258302
2025-05-13,600760,中航沈飞,47.41,9,-0.012866483864163667
2025-06-11,600760,中航沈飞,53.25,7,0.02065727699530519
2025-06-30,600760,中航沈飞,58.48,7,-0.02718878248974002
2025-07-01,600760,中航沈飞,57.8,7,0.011072664359861602
2025-07-04,600760,中航沈飞,58.44,7,0.014715947980835035
2025-07-07,600760,中航沈飞,59.96,7,-0.028352234823215524
2025-07-08,600760,中航沈飞,59.84,7,-0.029745989304812852
2025-07-18,600760,中航沈飞,65.5,9,-0.03847328244274814
2025-07-21,600760,中航沈飞,64.85,8,-0.020817270624518033
2025-07-28,600760,中航沈飞,63.84,7,0.011591478696741774
2025-07-29,600760,中航沈飞,66.0,8,-0.059696969696969665
2025-09-01,600760,中航沈飞,64.26,8,-0.1
2025-09-02,600760,中航沈飞,62.81,7,-0.1
2025-09-19,600760,中航沈飞,62.31,7,0.027122452254854722
2025-12-25,600760,中航沈飞,57.11,8,-0.014008054631413013
2026-01-06,600760,中航沈飞,59.96,7,0.03835890593729148
2026-01-08,600760,中航沈飞,61.67,8,-0.029349764877574222
2026-01-09,600760,中航沈飞,62.26,8,-0.042081593318342395
2026-01-12,600760,中航沈飞,62.53,7,-0.023828562290100785
2026-03-02,600760,中航沈飞,57.95,7,-0.03451251078515962
2023-03-30,601021,春秋航空,61.1,7,0.023731587561374726
2023-06-16,601021,春秋航空,57.01,7,0.01017365374495712
2023-06-19,601021,春秋航空,58.03,7,-0.037739100465276544
2023-06-20,601021,春秋航空,57.3,7,-0.016230366492146594
2023-11-20,601021,春秋航空,52.45,7,-0.02287893231649195
2023-11-21,601021,春秋航空,52.25,7,-0.017799043062200953
2024-01-29,601021,春秋航空,53.01,8,-0.040935672514619784
2024-02-19,601021,春秋航空,53.78,9,0.03272592041651168
2024-02-20,601021,春秋航空,55.36,7,-0.013367052023121424
2024-02-21,601021,春秋航空,55.42,7,-0.014435221941537428
2024-02-22,601021,春秋航空,55.54,7,-0.006481814908174279
2024-09-26,601021,春秋航空,53.2,8,0.2
2024-09-30,601021,春秋航空,60.56,7,-0.06456406869220614
2024-10-08,601021,春秋航空,60.93,7,-0.1
2024-11-05,601021,春秋航空,55.52,7,0.018551873198847154
2025-02-24,601021,春秋航空,51.22,7,0.028309254197579126
2025-02-27,601021,春秋航空,52.67,7,-0.03056768558951964
2025-05-07,601021,春秋航空,54.2,8,0.01568265682656816
2025-05-12,601021,春秋航空,55.05,8,0.01217075386012719
2025-05-13,601021,春秋航空,54.77,7,0.014789118130363248
2025-05-14,601021,春秋航空,55.09,7,0.009257578507896134
2025-05-15,601021,春秋航空,55.72,7,0.008793969849246267
2025-05-26,601021,春秋航空,57.66,7,0.004509191814082642
2025-07-11,601021,春秋航空,54.17,7,-0.01882961048550864
2025-07-23,601021,春秋航空,56.02,8,-0.0387361656551232
2025-08-25,601021,春秋航空,53.03,8,0.010182915330944732
2025-08-26,601021,春秋航空,53.29,7,-0.006943141302308078
2025-08-27,601021,春秋航空,53.57,9,-0.030240806421504524
2025-09-08,601021,春秋航空,54.01,7,-0.02499537122755048
2025-09-09,601021,春秋航空,53.57,7,-0.015867089789061067
2025-09-17,601021,春秋航空,53.87,7,-0.016335622795619
2025-09-19,601021,春秋航空,53.71,7,-0.030348166077080664
2025-10-21,601021,春秋航空,54.83,7,-0.031369688126937786
2025-11-06,601021,春秋航空,55.74,7,0.05633297452457841
2025-11-07,601021,春秋航空,55.56,8,0.06029517638588902
2025-11-10,601021,春秋航空,58.4,9,0.024315068493150713
2025-12-25,601021,春秋航空,56.36,8,0.022001419446415933
2025-12-26,601021,春秋航空,56.45,8,0.05403011514614698
2023-04-10,300866,安克创新,49.15,8,-0.02990844354018309
2023-04-12,300866,安克创新,50.06,7,-0.05653216140631253
2024-02-08,300866,安克创新,60.1,8,-0.030282861896838608
2024-03-05,300866,安克创新,60.54,7,-0.016352824578790916
2024-03-11,300866,安克创新,60.51,8,-0.029912411171707076
2024-03-18,300866,安克创新,60.51,7,-0.012559907453313469
2024-03-19,300866,安克创新,61.3,7,-0.0367047308319739
2024-03-20,300866,安克创新,60.1,7,-0.04742096505823629
2024-04-19,300866,安克创新,59.39,8,0.033507324465398246
2024-04-29,300866,安克创新,61.97,9,0.023559786993706647
2024-04-30,300866,安克创新,62.1,7,0.0072463768115941345
2024-05-06,300866,安克创新,63.18,8,0.035770813548591296
2024-05-07,300866,安克创新,63.43,8,0.05328708812864579
2024-05-09,300866,安克创新,65.44,7,0.05822127139364307
2024-05-10,300866,安克创新,66.81,7,0.07439006136805866
2024-05-13,300866,安克创新,69.36,8,0.02234717416378312
2024-05-14,300866,安克创新,69.25,7,-0.0018772563176894651
2024-09-26,300866,安克创新,67.95,7,0.2
2024-09-27,300866,安克创新,70.94,7,0.2
2024-09-30,300866,安克创新,81.66,7,0.2
2024-10-08,300866,安克创新,93.49,8,-0.1
2024-10-09,300866,安克创新,83.8,8,-0.01873508353221949
2024-10-10,300866,安克创新,84.3,7,-0.06524317912218268
2024-11-11,300866,安克创新,87.77,7,-0.037712202347043436
2024-11-12,300866,安克创新,87.88,7,-0.0791989076012744
2024-12-10,300866,安克创新,86.93,9,0.014609455884044586
2024-12-11,300866,安克创新,87.04,8,0.0029871323529410717
2025-02-06,300866,安克创新,109.42,8,-0.010509961615792412
2025-02-21,300866,安克创新,115.62,7,-0.023871302542812705
2025-02-24,300866,安克创新,116.8,7,-0.03047945205479454
2025-02-25,300866,安克创新,114.69,7,-0.046298718284070124
2025-05-06,300866,安克创新,85.72,7,0.027764815678954682
2025-05-13,300866,安克创新,97.7,7,-0.0064483111566019415
2025-06-11,300866,安克创新,111.67,7,-0.05167009940001787
2025-06-12,300866,安克创新,110.35,7,-0.030357951971001308
2025-07-02,300866,安克创新,116.48,8,-0.012706043956043989
2025-07-03,300866,安克创新,116.9,8,0.01283147989734816
2025-07-08,300866,安克创新,118.4,7,-0.037584459459459485
2025-07-09,300866,安克创新,118.83,7,-0.002019691996970419
2025-07-14,300866,安克创新,118.59,7,0.030609663546673372
2025-07-28,300866,安克创新,126.73,8,-0.026513059259843756
2025-07-29,300866,安克创新,127.3,8,-0.034956794972505915
2025-08-08,300866,安克创新,134.77,8,0.026118572382577587
2025-08-11,300866,安克创新,137.78,7,0.0020322252866889325
2025-08-12,300866,安克创新,137.3,7,0.021631463947560076
2025-08-15,300866,安克创新,140.27,7,0.034005845868681696
2023-03-31,002252,上海莱士,6.29,7,0.009538950715421242
2023-04-03,002252,上海莱士,6.31,7,0.00633914421553091
2023-04-06,002252,上海莱士,6.35,7,-0.0015748031496062658
2023-04-07,002252,上海莱士,6.35,7,-0.0015748031496062658
2023-04-13,002252,上海莱士,6.45,7,-0.006201550387596904
2023-06-15,002252,上海莱士,7.06,8,0.06798866855524086
2023-06-16,002252,上海莱士,7.4,8,0.008108108108108055
2023-06-19,002252,上海莱士,7.63,7,-0.03407601572739185
2023-11-06,002252,上海莱士,6.98,7,-0.0028653295128940486
2023-11-10,002252,上海莱士,7.14,7,0.004201680672268943
2023-11-20,002252,上海莱士,7.31,7,0.0013679890560876437
2023-11-21,002252,上海莱士,7.38,7,-0.0013550135501354725
2024-02-08,002252,上海莱士,6.78,7,0.02064896755162237
2024-02-22,002252,上海莱士,7.0,7,0.0042857142857143215
2024-04-29,002252,上海莱士,7.09,8,0.021156558533145325
2024-07-18,002252,上海莱士,7.81,7,-0.01664532650448142
2024-07-19,002252,上海莱士,7.85,8,-0.029299363057324782
2024-07-22,002252,上海莱士,7.9,8,-0.027848101265822864
2024-09-26,002252,上海莱士,7.07,7,0.2
2024-09-27,002252,上海莱士,7.33,8,0.008185538881309632
2024-09-30,002252,上海莱士,7.85,7,-0.06496815286624201
2024-10-08,002252,上海莱士,8.08,7,-0.1
2024-10-09,002252,上海莱士,7.39,7,-0.03788903924221913
2024-10-23,002252,上海莱士,7.34,7,0.023160762942779283
2024-10-24,002252,上海莱士,7.33,7,0.010914051841746257
2024-11-07,002252,上海莱士,7.67,7,0.0
2024-11-11,002252,上海莱士,7.67,7,-0.023468057366362413
2024-12-12,002252,上海莱士,7.67,8,-0.05345501955671449
2025-05-22,002252,上海莱士,6.8,7,-0.008823529411764649
2025-07-09,002252,上海莱士,6.87,8,0.0014556040756913808
2025-07-10,002252,上海莱士,6.89,7,-0.007256894049346854
2025-07-11,002252,上海莱士,6.87,9,0.005822416302765653
2025-07-14,002252,上海莱士,6.88,8,0.018895348837209287
2025-07-16,002252,上海莱士,6.91,8,0.005788712011577429
2025-07-17,002252,上海莱士,7.01,9,-0.008559201141226764
2025-07-18,002252,上海莱士,6.98,7,-0.00859598853868202
2025-07-24,002252,上海莱士,7.03,7,-0.004267425320056934
2025-08-25,002252,上海莱士,7.03,8,-0.005689900426742537
2025-08-26,002252,上海莱士,7.16,8,-0.0418994413407821
2026-01-09,002252,上海莱士,6.45,7,-0.003100775193798521
2026-01-12,002252,上海莱士,6.5,8,-0.019999999999999983
2026-01-13,002252,上海莱士,6.49,8,-0.03235747303543913
2026-03-02,002252,上海莱士,6.35,7,-0.028346456692913344
2023-04-04,000538,云南白药,48.56,8,-0.006383855024711743
2023-04-06,000538,云南白药,48.49,7,0.010311404413281088
2023-04-07,000538,云南白药,48.9,7,-0.011042944785276057
2023-07-28,000538,云南白药,48.8,7,-0.02684426229508187
2023-07-31,000538,云南白药,48.34,7,0.0
2023-08-09,000538,云南白药,48.96,8,-0.0061274509803922435
2023-08-10,000538,云南白药,49.1,8,-0.013849287169042764
2024-01-29,000538,云南白药,43.68,7,-0.06684981684981689
2024-02-19,000538,云南白药,44.38,7,0.0024785939612437906
2024-02-21,000538,云南白药,44.48,7,-0.011465827338129453
2024-03-08,000538,云南白药,46.1,7,0.00607375271149677
2024-05-14,000538,云南白药,52.84,7,-0.017978803936411863
2024-07-17,000538,云南白药,48.55,7,0.029660144181256537
2024-07-18,000538,云南白药,48.99,7,-0.012451520718513971
2024-07-19,000538,云南白药,49.96,8,-0.030424339471577324
2024-07-22,000538,云南白药,49.99,7,-0.04060812162432489
2024-09-26,000538,云南白药,50.89,7,0.2
2024-09-27,000538,云南白药,53.05,8,0.2
2024-10-08,000538,云南白药,59.26,8,-0.08893013837327027
2024-11-07,000538,云南白药,57.58,8,-0.013025356026398056
2024-11-08,000538,云南白药,57.19,7,-0.007518796992481198
2024-12-12,000538,云南白药,56.84,8,-0.004222378606615095
2024-12-18,000538,云南白药,57.1,7,0.02154115586690012
2024-12-19,000538,云南白药,57.44,7,0.010619777158774364
2025-02-07,000538,云南白药,55.3,7,-0.003978300180831806
2025-04-30,000538,云南白药,56.25,8,-0.003911111111111091
2025-05-07,000538,云南白药,56.27,7,-0.003909720988093228
2025-06-12,000538,云南白药,55.99,8,-0.026076085015181296
2025-07-17,000538,云南白药,55.2,7,0.005253623188405781
2025-07-18,000538,云南白药,55.21,7,0.005433798224959195
2025-07-22,000538,云南白药,55.49,8,0.0003604253018561186
2025-07-23,000538,云南白药,55.51,7,-0.0005404431633940036
2025-07-24,000538,云南白药,56.02,7,-0.02177793645126751
2025-07-30,000538,云南白药,56.4,8,-0.023226950354609845
2025-08-18,000538,云南白药,55.82,7,0.011823719097097753
2025-08-21,000538,云南白药,56.48,8,0.005842776203966102
2025-08-22,000538,云南白药,56.62,7,-0.013069586718473948
2025-08-29,000538,云南白药,56.56,7,0.03270862800565761
2025-09-01,000538,云南白药,58.27,8,-0.010468508666552368
2025-09-02,000538,云南白药,58.67,7,-0.0066473495824101
2025-09-08,000538,云南白药,59.22,7,-0.007092198581560313
2025-09-11,000538,云南白药,58.8,7,-0.019217687074829855
2025-11-10,000538,云南白药,57.28,7,-0.003840782122905008
2025-12-17,000538,云南白药,56.2,7,0.006227758007117336
2025-12-18,000538,云南白药,56.65,7,-0.008120035304501338
2025-12-25,000538,云南白药,56.76,7,0.003171247357293864
2026-01-06,000538,云南白药,57.39,7,-0.0012197246907126728
2026-01-09,000538,云南白药,57.32,7,-0.01186322400558269
2023-04-07,601995,中金公司,40.52,7,-0.005676209279368311
2023-04-11,601995,中金公司,40.25,7,-0.013167701863354066
2023-04-12,601995,中金公司,40.29,7,0.030528667163067857
2023-04-17,601995,中金公司,41.52,9,0.0007225433526010123
2023-04-18,601995,中金公司,41.23,7,-0.03638127577007034
2023-04-20,601995,中金公司,41.55,7,-0.05294825511432
2023-07-28,601995,中金公司,39.32,7,0.003306205493387654
2023-07-31,601995,中金公司,39.28,7,0.037678207739307454
2023-08-03,601995,中金公司,40.76,8,0.0689401373895977
2023-08-04,601995,中金公司,40.8,7,0.048284313725490344
2023-08-08,601995,中金公司,43.57,7,-0.0693137479917375
2023-11-06,601995,中金公司,38.53,7,-0.003893070334804012
2023-11-07,601995,中金公司,38.77,7,-0.008253804488006196
2023-11-08,601995,中金公司,38.19,7,0.014925373134328367
2023-11-09,601995,中金公司,38.38,8,0.09327774882751427
2023-11-13,601995,中金公司,38.76,7,0.10655314757481947
2023-11-14,601995,中金公司,41.96,7,0.03670162059103906
2023-11-15,601995,中金公司,42.26,7,0.000946521533364864
2023-11-16,601995,中金公司,42.89,7,-0.03590580554907902
2024-02-08,601995,中金公司,34.09,8,-0.01202698738633041
2024-02-19,601995,中金公司,33.18,7,0.028330319469559908
2024-02-23,601995,中金公司,34.15,7,-0.023718887262078922
2024-02-29,601995,中金公司,34.45,7,-0.020609579100145162
2024-03-18,601995,中金公司,34.58,8,-0.010989010989010858
2024-04-29,601995,中金公司,34.03,7,-0.022039377020276227
2024-04-30,601995,中金公司,32.89,7,-0.006384919428397715
2024-05-06,601995,中金公司,33.29,7,-0.0030039050765996223
2024-05-10,601995,中金公司,33.76,7,-0.03643364928909944
2024-09-25,601995,中金公司,30.7,8,0.2
2024-09-26,601995,中金公司,32.23,8,0.2
2024-09-27,601995,中金公司,34.83,7,0.2
2024-09-30,601995,中金公司,38.34,8,-0.058946270213875974
2024-10-08,601995,中金公司,42.2,8,-0.1
2024-10-09,601995,中金公司,37.95,7,-0.037154150197628556
2024-10-11,601995,中金公司,39.72,9,-0.1
2024-11-08,601995,中金公司,37.84,8,0.035676532769555874
2024-11-11,601995,中金公司,38.03,8,0.02077307388903495
2024-11-13,601995,中金公司,39.19,8,-0.08701199285532016
2024-11-14,601995,中金公司,38.82,8,-0.0749613601236477
2025-02-06,601995,中金公司,31.65,7,0.010110584518167466
2025-02-07,601995,中金公司,32.18,7,0.0105655686761965
2025-02-13,601995,中金公司,32.91,8,-0.015800668489820605
2025-02-17,601995,中金公司,33.28,8,0.015324519230769171
2025-02-19,601995,中金公司,33.51,7,-0.0002984183825723071
2025-02-20,601995,中金公司,33.79,7,-0.0251553714116603
2025-02-21,601995,中金公司,34.0,7,0.0661764705882353
2025-02-26,601995,中金公司,36.25,7,-0.05131034482758619
2025-02-27,601995,中金公司,38.69,7,-0.1
2025-03-14,601995,中金公司,36.98,9,-0.033261222282314686
2025-05-07,601995,中金公司,33.49,7,0.012242460435950928
2025-05-08,601995,中金公司,33.72,7,-0.0008896797153025249
2025-05-12,601995,中金公司,33.9,7,0.0020648967551622505
2025-05-14,601995,中金公司,34.65,9,-0.03001443001442999
2025-06-11,601995,中金公司,34.26,8,0.0032107413893753484
2025-06-25,601995,中金公司,35.84,10,-0.018415178571428673
2025-06-26,601995,中金公司,35.29,9,-0.007650892604137037
2025-06-27,601995,中金公司,35.32,8,-0.007361268403170951
2025-07-03,601995,中金公司,35.29,7,0.009351090960612023
2025-07-04,601995,中金公司,35.31,7,0.0008496176720476107
2025-07-11,601995,中金公司,36.22,9,-0.019878520154610682
2025-07-14,601995,中金公司,35.78,7,0.005030743432084955
2025-07-18,601995,中金公司,36.04,7,0.01581576026637071
2025-07-21,601995,中金公司,36.43,7,0.02388141641504248
2025-07-22,601995,中金公司,36.61,7,0.010925976509150467
2025-07-23,601995,中金公司,36.61,8,0.012564872985523105
2025-07-24,601995,中金公司,37.3,8,-0.00053619302949051
2025-08-15,601995,中金公司,37.84,8,0.004756871035940796
2025-08-18,601995,中金公司,38.38,9,-0.015633142261594617
2025-08-19,601995,中金公司,37.68,7,0.028927813163482044
2025-08-20,601995,中金公司,38.02,7,0.03103629668595475
2025-08-22,601995,中金公司,38.77,7,-0.027340727366520563
2025-08-25,601995,中金公司,39.2,7,-0.020663265306122506
2025-09-01,601995,中金公司,38.85,8,-0.04890604890604887
2025-10-15,601995,中金公司,37.91,7,-0.015299393299920822
2025-10-27,601995,中金公司,38.5,8,-0.028831168831168815
2025-10-29,601995,中金公司,38.94,9,-0.06086286594761165
2026-01-12,601995,中金公司,36.24,7,-0.030353200883002245
2023-04-04,300803,指南针,41.58,7,-0.09114959114959113
2023-04-12,300803,指南针,39.94,8,-0.01852779168753117
2023-07-28,300803,指南针,40.11,7,-0.021939665918723573
2023-07-31,300803,指南针,39.23,7,0.10527657405047165
2023-08-01,300803,指南针,38.4,7,0.2
2023-08-02,300803,指南针,39.23,8,0.2
2023-08-03,300803,指南针,43.36,9,0.2
2023-08-04,300803,指南针,47.5,8,0.027999999999999962
2023-08-07,300803,指南针,50.68,8,0.08326756116811364
2023-08-08,300803,指南针,47.71,8,0.06811989100817438
2023-08-10,300803,指南针,54.9,8,-0.1
2023-11-15,300803,指南针,41.82,7,0.0021520803443327665
2023-11-20,300803,指南针,41.91,7,-0.025292293008828327
2024-02-27,300803,指南针,33.75,7,0.038814814814814885
2024-03-18,300803,指南针,34.46,7,-0.010156703424260052
2024-03-21,300803,指南针,34.11,7,-0.08619173262972729
2024-04-29,300803,指南针,32.59,8,-0.0184105553850876
2024-04-30,300803,指南针,32.51,7,-0.049523223623500444
2024-05-06,300803,指南针,32.6,7,-0.03558282208588957
2024-09-25,300803,指南针,31.78,7,0.2
2024-09-26,300803,指南针,36.61,8,0.2
2024-09-27,300803,指南针,43.95,8,0.2
2024-09-30,300803,指南针,52.75,7,0.2
2024-10-09,300803,指南针,60.0,8,-0.1
2024-10-18,300803,指南针,67.4,7,0.2
2024-10-22,300803,指南针,72.33,7,-0.1
2024-11-07,300803,指南针,82.91,8,-0.1
2025-02-11,300803,指南针,67.3,7,-0.00713224368499263
2025-03-18,300803,指南针,65.65,7,-0.037014470677837114
2025-04-29,300803,指南针,57.97,7,0.05088839054683462
2025-04-30,300803,指南针,58.73,7,0.028775753447982375
2025-05-07,300803,指南针,60.92,8,0.018056467498358524
2025-05-14,300803,指南针,64.79,7,-0.07686371353603956
2025-06-11,300803,指南针,61.46,7,0.012691181256101547
2025-06-12,300803,指南针,62.17,9,0.007077368505710113
2025-06-16,300803,指南针,62.24,7,-0.05478791773778926
2025-06-25,300803,指南针,78.64,8,0.02466937945066121
2025-06-26,300803,指南针,81.92,8,-0.050292968750000056
2025-06-27,300803,指南针,79.12,9,-0.02666835187057633
2025-06-30,300803,指南针,80.58,7,-0.05199801439563164
2025-07-11,300803,指南针,88.82,8,-0.049538392253996755
2025-07-16,300803,指南针,84.42,7,-0.005804311774460967
2025-07-17,300803,指南针,87.39,8,-0.015447991761070996
2025-07-18,300803,指南针,86.4,7,0.01840277777777765
2025-07-24,300803,指南针,94.82,7,-0.010651761231807541
2025-07-25,300803,指南针,92.24,7,-0.0035776235906331126
2025-07-28,300803,指南针,93.66,8,-0.0530642750373692
2025-08-13,300803,指南针,95.76,7,0.2
2025-08-15,300803,指南针,109.79,9,0.2
2025-08-18,300803,指南针,125.88,8,0.018271369558309592
2025-08-19,300803,指南针,126.47,7,0.11686565984027834
2025-08-21,300803,指南针,128.18,7,0.2
2025-08-22,300803,指南针,141.25,7,0.07398230088495567
2025-08-25,300803,指南针,146.17,7,0.06937128001641935
2025-09-18,300803,指南针,158.9,7,-0.020830711139081196
2025-12-08,300803,指南针,131.08,9,-0.04584986267927997
2025-12-10,300803,指南针,129.01,7,-0.022943957832726097
2025-12-17,300803,指南针,134.57,7,-0.032993980827821935
2025-12-25,300803,指南针,134.5,7,0.0015613382899628844
2025-12-26,300803,指南针,135.07,7,-0.031687273265714085
2026-01-05,300803,指南针,135.65,7,0.02049391817176558
2026-01-06,300803,指南针,148.7,8,-0.06536650975117686
2026-01-07,300803,指南针,143.01,7,0.03321446052723586
2026-01-12,300803,指南针,147.76,8,-0.0847996751488901
2023-04-03,601878,浙商证券,9.9,8,0.0040404040404039545
2023-04-04,601878,浙商证券,9.95,9,-0.012060301507537612
2023-04-07,601878,浙商证券,9.94,7,0.009054325955734393
2023-04-11,601878,浙商证券,9.96,7,0.005020080321285033
2023-04-12,601878,浙商证券,10.03,7,0.018943170488534524
2023-04-13,601878,浙商证券,10.03,9,0.011964107676969192
2023-04-17,601878,浙商证券,10.22,8,-0.022504892367906107
2023-07-28,601878,浙商证券,10.36,7,0.004826254826254895
2023-07-31,601878,浙商证券,10.37,7,0.05496624879459984
2023-08-01,601878,浙商证券,10.33,8,0.05905130687318484
2023-08-02,601878,浙商证券,10.41,7,0.05091258405379437
2023-08-03,601878,浙商证券,10.94,8,-0.005484460694698238
2023-08-04,601878,浙商证券,10.94,8,0.0018281535648995751
2023-11-06,601878,浙商证券,10.0,8,-0.009999999999999964
2023-11-07,601878,浙商证券,10.07,8,-0.014895729890764682
2023-11-21,601878,浙商证券,10.61,8,-0.033930254476908527
2024-02-27,601878,浙商证券,9.93,7,0.001007049345417904
2024-03-04,601878,浙商证券,10.12,7,-0.03162055335968365
2024-03-15,601878,浙商证券,9.96,7,0.027108433734939714
2024-03-18,601878,浙商证券,10.21,9,0.0342801175318315
2024-03-20,601878,浙商证券,10.23,9,0.04496578690127068
2024-03-21,601878,浙商证券,10.56,9,0.04734848484848485
2024-04-29,601878,浙商证券,11.11,7,-0.004500450045004405
2024-04-30,601878,浙商证券,10.94,8,0.0018281535648995751
2024-05-07,601878,浙商证券,11.06,7,0.017179023508137388
2024-05-13,601878,浙商证券,12.07,8,-0.06048053024026515
2024-05-14,601878,浙商证券,13.04,8,-0.1
2024-09-25,601878,浙商证券,11.52,8,0.2
2024-09-26,601878,浙商证券,12.05,8,0.2
2024-09-27,601878,浙商证券,12.88,8,0.2
2024-09-30,601878,浙商证券,14.19,8,-0.06694855532064829
2024-10-08,601878,浙商证券,15.63,8,-0.1
2024-10-09,601878,浙商证券,14.05,8,-0.1
2024-11-07,601878,浙商证券,13.98,10,-0.04291845493562229
2024-11-08,601878,浙商证券,13.67,10,-0.01609363569861014
2024-11-11,601878,浙商证券,13.66,7,-0.027818448023426118
2024-12-10,601878,浙商证券,12.62,7,-0.009508716323296293
2025-02-06,601878,浙商证券,11.45,7,0.006113537117903955
2025-02-07,601878,浙商证券,11.64,7,0.00859106529209619
2025-02-18,601878,浙商证券,11.55,7,0.024242424242424187
2025-02-21,601878,浙商证券,11.83,8,-0.005071851225697421
2025-02-27,601878,浙商证券,11.78,7,-0.0331069609507639
2025-05-08,601878,浙商证券,10.58,7,-0.0009451795841209628
2025-05-14,601878,浙商证券,10.85,8,-0.025806451612903167
2025-06-11,601878,浙商证券,10.58,7,-0.0037807183364840192
2025-06-25,601878,浙商证券,10.93,8,-0.017383348581884676
2025-06-26,601878,浙商证券,10.78,8,-0.008348794063079765
2025-06-27,601878,浙商证券,10.77,8,-0.011142061281336975
2025-07-10,601878,浙商证券,10.95,7,0.0018264840182649635
2025-07-11,601878,浙商证券,11.16,8,-0.01612903225806449
2025-07-14,601878,浙商证券,11.03,7,0.0
2025-07-21,601878,浙商证券,11.17,7,0.022381378692927483
2025-07-25,601878,浙商证券,11.49,7,0.0
2025-07-28,601878,浙商证券,11.56,7,-0.03114186851211083
2025-08-14,601878,浙商证券,11.68,10,0.01883561643835622
2025-08-15,601878,浙商证券,11.96,10,0.01086956521739122
2025-08-18,601878,浙商证券,12.06,9,-0.007462686567164167
2025-08-19,601878,浙商证券,11.9,7,0.035294117647058816
2025-08-22,601878,浙商证券,12.32,7,-0.030844155844155906
2025-08-25,601878,浙商证券,12.43,7,-0.027353177795655662
2025-10-27,601878,浙商证券,11.65,7,-0.0068669527896995765
2025-10-28,601878,浙商证券,11.58,7,-0.0025906735751294783
2025-10-29,601878,浙商证券,11.75,7,-0.02127659574468085
2026-01-06,601878,浙商证券,11.16,7,-0.01612903225806449
2026-01-07,601878,浙商证券,11.05,7,0.007239819004524893
2026-01-12,601878,浙商证券,11.13,8,-0.018867924528301962
2026-01-14,601878,浙商证券,11.03,7,-0.018132366273798668
2023-04-14,601229,上海银行,4.45,8,0.040449438202247126
2023-04-17,601229,上海银行,4.53,8,0.02428256070640164
2023-04-18,601229,上海银行,4.6,8,-0.004347826086956429
2023-04-19,601229,上海银行,4.63,7,-0.010799136069114432
2023-04-20,601229,上海银行,4.64,7,0.0
2023-07-28,601229,上海银行,4.87,8,-0.008213552361396311
2023-07-31,601229,上海银行,4.91,8,-0.0020366598778003638
2023-08-01,601229,上海银行,4.91,7,0.0
2024-02-20,601229,上海银行,5.24,7,0.02862595419847318
2024-02-21,601229,上海银行,5.35,7,-0.02242990654205593
2024-02-22,601229,上海银行,5.36,7,-0.018656716417910547
2024-02-23,601229,上海银行,5.39,8,-0.025974025974025917
2024-04-29,601229,上海银行,5.94,7,0.00673400673400674
2024-05-22,601229,上海银行,6.61,7,0.02269288956127072
2024-07-17,601229,上海银行,6.73,7,-0.020802377414561746
2024-07-18,601229,上海银行,6.66,7,0.0
2024-07-19,601229,上海银行,6.69,7,0.0
2024-09-25,601229,上海银行,6.52,8,0.08742331288343563
2024-09-26,601229,上海银行,6.65,7,0.11879699248120301
2024-09-27,601229,上海银行,6.57,8,0.02739726027397256
2024-09-30,601229,上海银行,7.09,8,-0.0056417489421720785
2024-10-08,601229,上海银行,7.44,7,-0.1
2024-10-09,601229,上海银行,6.75,7,0.05037037037037035
2024-10-16,601229,上海银行,7.26,7,-0.016528925619834725
2024-11-05,601229,上海银行,7.38,8,-0.005420054200542011
2024-11-06,601229,上海银行,7.31,8,-0.019151846785225676
2024-11-07,601229,上海银行,7.38,8,-0.039295392953929545
2024-12-24,601229,上海银行,8.39,8,0.017878426698450366
2024-12-25,601229,上海银行,8.46,7,0.029550827423167846
2024-12-26,601229,上海银行,8.55,7,0.009356725146198838
2024-12-27,601229,上海银行,8.54,8,-0.008196721311475237
2024-12-30,601229,上海银行,8.71,7,-0.049368541905855504
2025-02-18,601229,上海银行,8.81,7,-0.004540295119182852
2025-02-19,601229,上海银行,8.9,7,-0.034831460674157357
2025-02-20,601229,上海银行,8.89,8,-0.03262092238470202
2025-04-28,601229,上海银行,10.08,7,-0.02579365079365077
2025-05-13,601229,上海银行,10.53,9,-0.003798670465337051
2025-05-14,601229,上海银行,10.61,7,-0.006597549481621139
2025-05-15,601229,上海银行,10.52,7,-0.003802281368821212
2025-05-22,601229,上海银行,10.71,8,-0.04481792717086838
2025-07-04,601229,上海银行,11.13,8,-0.017969451931716177
2025-07-07,601229,上海银行,11.08,7,-0.018050541516245425
2025-10-13,601229,上海银行,9.15,7,0.04808743169398901
2025-11-06,601229,上海银行,10.01,7,0.011988011988012087
2025-11-07,601229,上海银行,10.0,7,0.022000000000000065
2025-11-10,601229,上海银行,10.23,7,0.0019550342130986876
2025-12-25,601229,上海银行,9.96,7,0.021084337349397495
2025-12-29,601229,上海银行,10.13,8,-0.0029615004935835275
2025-12-30,601229,上海银行,10.17,7,-0.02359882005899707
2025-12-31,601229,上海银行,10.1,7,-0.013861386138613742
2023-04-06,000100,TCL集团,4.1,7,-0.019512195121951237
2023-04-07,000100,TCL集团,4.08,7,-0.007352941176470649
2023-04-12,000100,TCL集团,4.05,7,-0.029629629629629547
2023-07-05,000100,TCL集团,3.86,8,0.04922279792746113
2023-11-06,000100,TCL集团,4.02,8,-0.007462686567164021
2023-11-08,000100,TCL集团,4.0,7,-0.0024999999999999467
2024-02-19,000100,TCL集团,4.21,7,0.019002375296912132
2024-02-21,000100,TCL集团,4.29,7,-0.0046620046620047696
2024-02-22,000100,TCL集团,4.29,8,0.002331002331002281
2024-02-23,000100,TCL集团,4.29,8,-0.027972027972027996
2024-02-29,000100,TCL集团,4.4,7,0.06363636363636349
2024-03-01,000100,TCL集团,4.7,8,-0.008510638297872348
2024-03-04,000100,TCL集团,4.6,7,-0.015217391304347697
2024-03-05,000100,TCL集团,4.68,7,-0.01709401709401711
2024-09-25,000100,TCL集团,3.86,8,0.17357512953367885
2024-09-26,000100,TCL集团,3.97,7,0.2
2024-09-27,000100,TCL集团,4.21,7,0.014251781472683992
2024-09-30,000100,TCL集团,4.53,7,-0.04635761589403972
2024-10-08,000100,TCL集团,4.74,8,-0.1
2024-10-09,000100,TCL集团,4.27,7,-0.007025761124121631
2024-10-25,000100,TCL集团,4.42,9,0.07918552036199088
2024-11-05,000100,TCL集团,5.24,8,-0.009541984732824393
2024-11-08,000100,TCL集团,5.19,7,-0.023121387283237014
2024-12-11,000100,TCL集团,5.07,7,-0.029585798816568115
2024-12-12,000100,TCL集团,5.0,7,-0.008000000000000007
2024-12-19,000100,TCL集团,5.12,8,0.0039062499999999167
2024-12-30,000100,TCL集团,5.14,7,-0.06031128404669253
2025-02-07,000100,TCL集团,5.04,7,-0.01785714285714283
2025-04-30,000100,TCL集团,4.1,7,0.026829268292683006
2025-07-02,000100,TCL集团,4.39,9,-0.020501138952163978
2025-07-03,000100,TCL集团,4.47,7,-0.02908277404921698
2025-07-04,000100,TCL集团,4.39,7,-0.015945330296127425
2025-07-10,000100,TCL集团,4.42,8,0.006787330316742138
2025-07-11,000100,TCL集团,4.47,7,-0.011185682326621885
2025-07-14,000100,TCL集团,4.53,7,0.006622516556291249
2025-07-15,000100,TCL集团,4.45,7,0.013483146067415642
2025-07-17,000100,TCL集团,4.56,7,0.02192982456140363
2025-07-21,000100,TCL集团,4.64,7,0.0
2025-07-22,000100,TCL集团,4.66,8,-0.010729613733905541
2025-07-23,000100,TCL集团,4.63,7,-0.006479481641468736
2025-07-24,000100,TCL集团,4.64,7,-0.0193965517241379
2025-08-21,000100,TCL集团,4.61,7,0.036876355748373085
2025-08-22,000100,TCL集团,4.78,9,-0.02510460251046027
2025-08-25,000100,TCL集团,4.74,7,-0.008438818565400852
2025-08-26,000100,TCL集团,4.78,7,-0.02928870292887041
2025-10-09,000100,TCL集团,4.51,8,-0.06208425720620828
2025-11-10,000100,TCL集团,4.43,7,-0.0022573363431150763
2025-12-08,000100,TCL集团,4.48,7,-0.011160714285714444
2025-12-17,000100,TCL集团,4.67,7,-0.03854389721627403
2026-01-06,000100,TCL集团,4.93,9,-0.03448275862068964
2026-01-07,000100,TCL集团,4.71,10,0.01273885350318463
2026-01-09,000100,TCL集团,4.76,9,0.042016806722689114
2026-01-12,000100,TCL集团,4.77,8,0.037735849056603904
2026-01-14,000100,TCL集团,4.96,9,0.004032258064516223
2026-01-15,000100,TCL集团,4.95,7,0.0040404040404039545
2023-04-12,601901,方正证券,6.99,8,0.005722460658082981
2023-04-17,601901,方正证券,7.03,8,-0.011379800853485073
2023-07-28,601901,方正证券,6.99,7,-0.004291845493562267
2023-07-31,601901,方正证券,7.03,7,0.09246088193456607
2023-08-02,601901,方正证券,6.96,7,0.14367816091954022
2023-08-03,601901,方正证券,7.68,8,0.00651041666666676
2023-08-04,601901,方正证券,7.75,8,-0.014193548387096815
2023-08-07,601901,方正证券,7.96,8,-0.02763819095477384
2023-11-06,601901,方正证券,8.45,8,0.07810650887573967
2023-11-07,601901,方正证券,9.32,8,0.032188841201716625
2023-11-08,601901,方正证券,8.89,9,0.02249718785151848
2023-11-09,601901,方正证券,9.11,9,-0.008781558726673994
2023-11-10,601901,方正证券,9.62,8,-0.055093555093555034
2023-11-16,601901,方正证券,9.33,8,-0.019292604501607687
2024-02-26,601901,方正证券,7.09,7,0.046544428772919616
2024-02-27,601901,方正证券,7.23,7,0.1313969571230981
2024-02-29,601901,方正证券,7.42,8,-0.0013477088948786774
2024-03-01,601901,方正证券,8.18,7,-0.1
2024-03-18,601901,方正证券,8.04,9,0.018656716417910495
2024-03-19,601901,方正证券,7.82,8,0.037084398976981986
2024-03-20,601901,方正证券,7.79,7,0.0025673940949935267
2024-03-21,601901,方正证券,8.19,9,-0.05616605616605606
2024-04-29,601901,方正证券,8.95,7,-0.04469273743016744
2024-04-30,601901,方正证券,8.79,8,-0.026166097838452636
2024-05-10,601901,方正证券,8.92,7,-0.04596412556053813
2024-09-25,601901,方正证券,7.23,7,0.2
2024-09-26,601901,方正证券,7.67,7,0.2
2024-09-27,601901,方正证券,8.31,7,0.2
2024-09-30,601901,方正证券,9.16,7,-0.05676855895196502
2024-10-08,601901,方正证券,10.09,8,-0.1
2024-10-09,601901,方正证券,9.06,7,-0.1
2024-11-07,601901,方正证券,9.41,8,-0.039319872476089375
2024-11-08,601901,方正证券,9.48,8,-0.0453586497890295
2024-11-11,601901,方正证券,9.33,7,-0.05037513397642022
2025-02-06,601901,方正证券,7.81,7,0.015364916773367493
2025-02-21,601901,方正证券,8.02,7,0.01122194513715709
2025-02-26,601901,方正证券,8.11,7,-0.04562268803945737
2025-02-27,601901,方正证券,8.05,7,-0.038509316770186396
2025-03-11,601901,方正证券,7.99,7,0.015018773466833444
2025-03-14,601901,方正证券,8.11,7,-0.008631319358816312
2025-05-07,601901,方正证券,7.48,7,0.016042780748662996
2025-05-14,601901,方正证券,7.72,8,-0.016839378238341956
2025-06-11,601901,方正证券,7.71,9,-0.005188067444876788
2025-06-25,601901,方正证券,7.94,8,-0.020151133501259463
2025-06-26,601901,方正证券,7.83,9,-0.010217113665389537
2025-06-27,601901,方正证券,7.81,9,-0.010243277848911547
2025-07-10,601901,方正证券,7.85,7,0.011464968152866338
2025-07-11,601901,方正证券,7.99,9,-0.010012515644555704
2025-07-14,601901,方正证券,7.9,7,0.00759493670886071
2025-07-15,601901,方正证券,7.94,9,-0.0037783375314861772
2025-07-17,601901,方正证券,7.96,8,0.011306532663316677
2025-07-21,601901,方正证券,7.99,7,0.036295369211514286
2025-07-22,601901,方正证券,8.05,7,0.03602484472049679
2025-07-23,601901,方正证券,8.09,9,0.02843016069221266
2025-07-24,601901,方正证券,8.28,7,0.003623188405797239
2025-07-25,601901,方正证券,8.34,7,-0.015587529976019065
2025-08-15,601901,方正证券,8.49,10,0.011778563015312089
2025-08-18,601901,方正证券,8.56,9,-0.00467289719626179
2025-08-19,601901,方正证券,8.43,7,0.03677342823250303
2025-08-22,601901,方正证券,8.74,7,-0.021739130434782553
2025-08-25,601901,方正证券,8.81,7,-0.014755959137344015
2025-10-24,601901,方正证券,8.13,7,0.03567035670356693
2025-10-27,601901,方正证券,8.25,7,0.009696969696969706
2025-10-28,601901,方正证券,8.21,7,0.0012180267965894989
2025-10-30,601901,方正证券,8.33,7,-0.014405762304921875
2025-12-17,601901,方正证券,7.86,7,-0.010178117048346065
2026-01-06,601901,方正证券,8.07,7,-0.019826517967781926
2026-01-07,601901,方正证券,8.0,7,-0.0012499999999999734
2026-01-12,601901,方正证券,7.99,8,-0.0062578222778472865
2026-01-13,601901,方正证券,8.17,8,-0.030599755201958383
2026-01-14,601901,方正证券,8.1,8,-0.02222222222222219
2023-11-06,600026,中远海能,13.76,7,-0.04433139534883717
2024-03-06,600026,中远海能,13.47,8,0.03414996288047506
2024-03-07,600026,中远海能,13.76,7,-0.026889534883720874
2024-03-08,600026,中远海能,13.82,8,-0.034732272069464575
2024-03-11,600026,中远海能,13.93,8,-0.02512562814070349
2024-03-19,600026,中远海能,14.35,7,0.07456445993031362
2024-05-10,600026,中远海能,16.37,8,0.04398289554062302
2024-05-13,600026,中远海能,17.34,7,-0.06459054209919268
2024-05-14,600026,中远海能,17.18,8,-0.05471478463329461
2024-05-15,600026,中远海能,17.09,7,-0.012873025160912748
2024-05-21,600026,中远海能,17.02,7,-0.03407755581668615
2024-09-26,600026,中远海能,13.76,7,0.2
2024-10-08,600026,中远海能,15.33,7,-0.1
2025-03-20,600026,中远海能,11.52,8,-0.023437499999999965
2025-05-06,600026,中远海能,10.52,9,-0.0294676806083649
2025-05-14,600026,中远海能,10.81,8,-0.04255319148936178
2025-05-15,600026,中远海能,10.52,7,-0.03041825095057037
2025-06-18,600026,中远海能,10.78,7,0.03617810760667909
2025-07-23,600026,中远海能,10.25,7,-0.006829268292682955
2025-08-06,600026,中远海能,10.3,7,-0.012621359223301046
2025-08-22,600026,中远海能,10.79,7,-0.031510658016682104
2025-08-25,600026,中远海能,10.8,8,-0.023148148148148147
2025-08-26,600026,中远海能,10.78,7,-0.03988868274582558
2025-09-01,600026,中远海能,10.65,8,-0.00657276995305167
2025-09-05,600026,中远海能,11.08,9,0.08754512635379066
2025-09-08,600026,中远海能,12.19,8,-0.021328958162428205
2025-09-09,600026,中远海能,12.1,8,-0.000826446280991718
2025-10-30,600026,中远海能,13.53,9,-0.07760532150776046
2025-10-31,600026,中远海能,13.49,9,-0.08005930318754634
2025-11-03,600026,中远海能,13.3,8,-0.05939849624060157
2026-01-06,600026,中远海能,12.0,7,0.059166666666666735
2026-01-08,600026,中远海能,12.54,8,0.10127591706539087
2026-01-09,600026,中远海能,12.71,7,0.10149488591660102
2026-01-12,600026,中远海能,13.63,7,0.04842259721203216
2026-02-12,600026,中远海能,18.73,7,0.07581420181526952
2026-02-24,600026,中远海能,18.65,7,0.103485254691689
2026-02-25,600026,中远海能,20.15,9,0.12357320099255593
2026-02-26,600026,中远海能,20.44,8,0.2
2026-02-27,600026,中远海能,20.58,7,0.2
2026-03-02,600026,中远海能,22.64,8,0.10335689045936394
2023-04-17,600023,浙能电力,3.67,8,0.021798365122615824
2023-04-18,600023,浙能电力,3.58,7,0.01955307262569828
2023-11-15,600023,浙能电力,3.93,7,0.022900763358778477
2023-11-20,600023,浙能电力,4.02,7,-0.0024875621890546734
2023-11-21,600023,浙能电力,4.02,7,-0.012437810945273478
2024-01-02,600023,浙能电力,4.31,8,0.03480278422273791
2024-01-03,600023,浙能电力,4.43,7,-0.0045146726862301525
2024-01-29,600023,浙能电力,4.77,7,0.010482180293501198
2024-03-08,600023,浙能电力,5.3,8,-0.032075471698113193
2024-03-11,600023,浙能电力,5.38,8,-0.01672862453531596
2024-03-14,600023,浙能电力,5.29,8,0.039697542533081276
2024-03-15,600023,浙能电力,5.41,7,0.016635859519408477
2024-03-18,600023,浙能电力,5.64,7,-0.028368794326241006
2024-09-25,600023,浙能电力,6.01,7,0.06322795341098168
2024-09-26,600023,浙能电力,5.95,7,0.05882352941176464
2024-09-27,600023,浙能电力,6.0,7,-0.02166666666666665
2024-09-30,600023,浙能电力,6.39,8,-0.05320813771517995
2024-10-08,600023,浙能电力,6.3,8,-0.03968253968253968
2025-02-17,600023,浙能电力,5.17,8,0.017408123791102487
2025-02-18,600023,浙能电力,5.22,8,-0.007662835249042153
2025-04-25,600023,浙能电力,5.47,7,-0.1
2025-04-28,600023,浙能电力,5.5,7,-0.1
2025-07-03,600023,浙能电力,5.11,7,0.037181996086105576
2025-07-04,600023,浙能电力,5.24,8,-0.013358778625954252
2025-07-07,600023,浙能电力,5.28,7,-0.028409090909090974
2025-07-23,600023,浙能电力,5.34,10,-0.03183520599250935
2025-07-24,600023,浙能电力,5.31,9,-0.030131826741996097
2025-10-09,600023,浙能电力,5.11,7,0.013698630136986183
2025-10-10,600023,浙能电力,5.16,7,0.005813953488372141
2025-10-15,600023,浙能电力,5.19,7,-0.005780346820809296
2025-10-29,600023,浙能电力,5.35,7,-0.02429906542056073
2025-10-30,600023,浙能电力,5.28,7,-0.005681818181818229
2025-11-07,600023,浙能电力,5.33,7,-0.005628517823639822
2025-11-10,600023,浙能电力,5.36,8,-0.018656716417910547
2025-12-19,600023,浙能电力,5.16,7,-0.005813953488372141
2026-02-24,600023,浙能电力,5.05,7,0.055445544554455495
2023-04-03,000776,广发证券,14.99,8,0.014009339559706409
2023-04-04,000776,广发证券,15.14,7,0.0006605019815059304
2023-04-11,000776,广发证券,15.38,7,-0.015604681404421339
2023-07-27,000776,广发证券,13.95,7,0.07311827956989257
2023-07-28,000776,广发证券,14.8,7,0.009459459459459377
2023-07-31,000776,广发证券,15.13,7,0.017184401850627876
2023-08-03,000776,广发证券,15.39,8,0.0012995451591942542
2023-08-04,000776,广发证券,15.54,8,-0.013513513513513455
2023-11-06,000776,广发证券,14.24,9,-0.016853932584269676
2024-02-08,000776,广发证券,13.06,7,0.012251148545176121
2024-02-21,000776,广发证券,13.22,7,-0.005295007564296542
2024-02-23,000776,广发证券,13.28,7,-0.015813253012048122
2024-04-29,000776,广发证券,12.53,7,-0.01276935355147647
2024-05-06,000776,广发证券,12.4,7,-0.010483870967741999
2024-07-22,000776,广发证券,11.58,7,-0.008635578583765081
2024-09-25,000776,广发证券,12.73,8,0.2
2024-09-26,000776,广发证券,13.32,8,0.2
2024-09-27,000776,广发证券,14.58,8,0.2
2024-09-30,000776,广发证券,16.1,8,-0.019875776397515654
2024-10-08,000776,广发证券,17.77,8,-0.1
2024-10-09,000776,广发证券,16.39,7,-0.1
2024-11-07,000776,广发证券,17.76,8,-0.04560810810810823
2024-11-08,000776,广发证券,17.27,8,-0.0167921250723798
2024-12-10,000776,广发证券,16.4,7,-0.020731707317073165
2025-02-06,000776,广发证券,15.13,7,0.012557832121612657
2025-02-07,000776,广发证券,15.41,7,0.004542504866969519
2025-02-12,000776,广发证券,15.48,7,0.0019379844961239896
2025-02-21,000776,广发证券,15.34,7,-0.0006518904823989431
2025-02-26,000776,广发证券,15.33,7,-0.030006523157208143
2025-03-19,000776,广发证券,15.49,7,-0.01678502259522271
2025-05-08,000776,广发证券,15.4,7,0.012337662337662305
2025-05-14,000776,广发证券,16.81,7,-0.03747769185008917
2025-05-15,000776,广发证券,16.43,8,-0.020693852708460126
2025-06-12,000776,广发证券,16.4,8,-0.002439024390243851
2025-06-16,000776,广发证券,16.37,8,-0.03481979230299329
2025-06-25,000776,广发证券,16.86,8,-0.008896797153024827
2025-06-26,000776,广发证券,16.76,9,-0.008949880668257883
2025-06-27,000776,广发证券,16.95,10,-0.023598820058996967
2025-07-04,000776,广发证券,16.9,7,0.010650887573964481
2025-07-07,000776,广发证券,16.95,8,0.024188790560471986
2025-07-08,000776,广发证券,17.05,7,0.03167155425219936
2025-07-11,000776,广发证券,17.59,7,-0.00966458214894816
2025-07-15,000776,广发证券,17.7,7,0.015819209039548088
2025-07-18,000776,广发证券,17.98,7,0.08120133481646279
2025-07-21,000776,广发证券,18.6,7,0.07365591397849448
2025-07-23,000776,广发证券,19.44,8,0.024691358024691377
2025-07-24,000776,广发证券,19.97,7,-0.007511266900350455
2025-08-14,000776,广发证券,20.64,8,-0.0014534883720930783
2025-08-15,000776,广发证券,21.18,8,-0.01274787535410763
2025-08-18,000776,广发证券,20.81,8,-0.000480538202787026
2025-09-29,000776,广发证券,22.85,9,0.04814004376367605
2025-09-30,000776,广发证券,22.18,9,0.0428313796212804
2025-10-09,000776,广发证券,23.09,9,0.005630142919012517
2025-10-10,000776,广发证券,23.95,9,0.020041753653444693
2025-10-13,000776,广发证券,23.13,8,0.04539559014267189
2025-10-15,000776,广发证券,24.43,9,-0.07408923454768722
2025-10-16,000776,广发证券,24.18,7,-0.057899090157154616
2025-12-17,000776,广发证券,21.83,7,-0.01053595968850192
2025-12-18,000776,广发证券,21.62,7,0.01341350601295093
2025-12-19,000776,广发证券,21.65,7,0.02078521939953824
2025-12-23,000776,广发证券,21.91,8,0.01323596531264259
2025-12-24,000776,广发证券,22.1,7,-0.007239819004524893
2025-12-26,000776,广发证券,22.2,7,-0.008108108108108096
2026-01-08,000776,广发证券,22.26,7,0.026954177897574025
2026-01-13,000776,广发证券,22.86,8,-0.013123359580052524
2023-04-17,600036,招商银行,28.48,7,-0.007373595505618008
2023-07-28,600036,招商银行,30.12,8,-0.0355245683930943
2023-07-31,600036,招商银行,30.58,8,-0.028776978417266157
2023-08-04,600036,招商银行,29.9,7,-0.02876254180602005
2023-09-06,600036,招商银行,28.38,7,-0.01585623678646932
2024-01-03,600036,招商银行,22.79,7,0.015796401930671323
2024-02-19,600036,招商银行,26.64,7,0.04429429429429428
2024-02-21,600036,招商银行,28.02,7,-0.02676659528907923
2024-02-22,600036,招商银行,27.82,7,-0.022286125089863443
2024-02-23,600036,招商银行,27.97,7,-0.03324991061851983
2024-04-19,600036,招商银行,28.64,7,-0.005586592178770954
2024-05-06,600036,招商银行,29.9,7,-0.0013377926421404398
2024-05-10,600036,招商银行,30.64,7,-0.01860313315926894
2024-05-13,600036,招商银行,30.93,7,0.010992563853863558
2024-05-16,600036,招商银行,31.27,8,-0.00031979533098810395
2024-05-17,600036,招商银行,31.87,7,-0.02478820207091317
2024-07-17,600036,招商银行,31.06,7,-0.023502897617514503
2024-09-25,600036,招商银行,31.14,7,0.11111111111111113
2024-09-26,600036,招商银行,32.37,7,0.14272474513438385
2024-09-30,600036,招商银行,34.6,7,0.03236994219653171
2024-10-08,600036,招商银行,36.99,7,-0.04244390375777238
2024-10-23,600036,招商银行,36.65,7,-0.031105047748976825
2024-10-24,600036,招商银行,36.3,7,-0.01955922865013757
2024-12-10,600036,招商银行,35.59,7,-0.03652711435796584
2024-12-11,600036,招商银行,35.29,8,-0.015868517993766006
2024-12-24,600036,招商银行,36.21,7,0.0033140016570007576
2024-12-26,600036,招商银行,36.47,7,-0.004935563476830264
2024-12-30,600036,招商银行,36.61,7,-0.026222343621961238
2025-02-11,600036,招商银行,37.97,8,0.02765341058730588
2025-02-12,600036,招商银行,38.61,8,0.0025900025900026267
2025-02-13,600036,招商银行,38.7,8,0.008785529715762177
2025-02-14,600036,招商银行,39.02,8,-0.001281394156842754
2025-02-18,600036,招商银行,39.04,7,-0.01664959016393439
2025-03-11,600036,招商银行,40.5,8,0.0407407407407407
2025-03-14,600036,招商银行,42.15,7,0.020403321470937118
2025-05-12,600036,招商银行,40.79,8,0.027457710223093835
2025-05-13,600036,招商银行,41.55,7,-0.0069795427196149016
2025-06-11,600036,招商银行,42.3,8,0.011111111111111254
2025-06-12,600036,招商银行,42.22,8,0.017764092846991947
2025-07-08,600036,招商银行,44.61,8,0.000448329970858622
2025-07-10,600036,招商银行,45.23,10,-0.022551403935440993
2025-07-11,600036,招商银行,44.63,8,-0.011875420120994871
2025-11-10,600036,招商银行,41.71,7,0.01174778230640139
2025-11-11,600036,招商银行,41.95,7,0.006912991656734186
2025-11-13,600036,招商银行,42.2,7,-0.00781990521327027
2023-04-13,600886,国投电力,9.95,8,0.016080402010050267
2023-04-14,600886,国投电力,10.02,7,0.003992015968063965
2023-04-17,600886,国投电力,10.12,7,-0.003952569169960391
2023-04-18,600886,国投电力,10.11,7,-0.009891196834816979
2023-07-31,600886,国投电力,11.49,7,0.03916449086161874
2023-08-01,600886,国投电力,11.86,8,0.010118043844856746
2023-08-02,600886,国投电力,11.79,7,0.02629346904156069
2023-08-03,600886,国投电力,11.94,8,0.017587939698492535
2023-08-04,600886,国投电力,11.98,8,0.0
2023-08-07,600886,国投电力,12.1,7,0.0024793388429753004
2023-08-08,600886,国投电力,12.15,7,-0.019753086419753103
2023-11-15,600886,国投电力,11.37,7,0.014072119613016723
2023-11-16,600886,国投电力,11.48,7,-0.0069686411149825845
2023-11-20,600886,国投电力,11.53,7,-0.002601908065914949
2024-01-02,600886,国投电力,12.5,8,0.0015999999999999658
2024-01-03,600886,国投电力,12.58,8,-0.007154213036565967
2024-03-05,600886,国投电力,13.98,8,0.019313304721030013
2024-03-06,600886,国投电力,13.92,7,0.0064655172413793
2024-03-07,600886,国投电力,14.03,7,-0.039201710620099715
2024-03-08,600886,国投电力,14.25,8,-0.04140350877192982
2024-05-23,600886,国投电力,15.42,8,0.0642023346303502
2024-09-27,600886,国投电力,15.44,7,0.015544041450777216
2024-09-30,600886,国投电力,16.49,8,-0.027289266221952657
2024-10-08,600886,国投电力,15.93,7,0.0025109855618330773
2024-10-10,600886,国投电力,16.04,8,-0.03990024937655853
2024-12-25,600886,国投电力,16.19,8,-0.0135886349598518
2024-12-27,600886,国投电力,16.09,7,-0.02921068986948419
2025-03-19,600886,国投电力,13.87,8,0.0
2025-04-28,600886,国投电力,14.87,7,-0.028244788164088767
2025-04-29,600886,国投电力,14.75,7,-0.002711864406779603
2025-05-07,600886,国投电力,14.71,7,0.0
2025-05-09,600886,国投电力,14.84,7,-0.008086253369272184
2025-05-15,600886,国投电力,15.02,7,0.027962716378162448
2025-05-19,600886,国投电力,15.02,7,0.02596537949400803
2025-05-20,600886,国投电力,15.44,7,-0.0025906735751294787
2025-05-21,600886,国投电力,15.45,7,0.0038834951456311003
2025-07-21,600886,国投电力,14.73,8,0.003394433129667273
2025-07-22,600886,国投电力,15.13,7,-0.01123595505617977
2025-07-23,600886,国投电力,14.89,9,0.01544660846205498
2025-07-24,600886,国投电力,14.78,7,0.03788903924221925
2025-07-25,600886,国投电力,14.96,8,0.03208556149732611
2025-07-28,600886,国投电力,15.12,7,0.01124338624338624
2025-07-29,600886,国投电力,15.34,7,-0.013689700130378036
2025-10-13,600886,国投电力,13.87,7,0.03244412400865185
2025-11-06,600886,国投电力,14.69,7,0.0006807351940095158
2026-02-27,600886,国投电力,13.25,8,0.023396226415094378
2026-03-02,600886,国投电力,13.46,8,0.02005943536404157
